query_name,runtime_sec
q1_year_count,0.23337912559509277
q2_type_count,0.1874561309814453
q3_year_type,0.3496100902557373
